timestamp,CH1,CH2,CH3,CH4,CH5,CH6,CH7,CH8,X,Y,Z,TEMP
2025-09-01 23:47:43.399000,-87.555,-126.165,-124.605,-131.82,-118.95,-126.75,-131.82,-96.915,24,338,-894,448
2025-09-01 23:47:43.407000,-74.10000000000001,-91.26,-89.11500000000001,-82.875,-86.775,-84.825,-89.895,-66.3,20,333,-892,448
2025-09-01 23:47:43.415000,-62.985,-114.075,-133.38,-135.135,-129.48000000000002,-126.165,-140.985,-142.35,21,338,-901,704
2025-09-01 23:47:43.423000,-9.36,-70.395,-104.325,-99.45,-72.345,-93.21,-104.52,-113.49,21,338,-901,512
2025-09-01 23:47:43.431000,33.345,3.9,-26.52,-29.64,0.78,-19.305,-36.465,-42.9,20,335,-895,448
2025-09-01 23:47:43.439000,68.44500000000001,66.3,42.51,36.465,70.005,48.75,30.03,12.675,19,336,-893,448
2025-09-01 23:47:43.447000,105.69,107.445,84.24000000000001,74.10000000000001,109.785,96.33,66.495,55.185,19,336,-893,512
2025-09-01 23:47:43.455000,159.315,141.18,136.305,121.29,159.705,130.065,128.505,94.77,19,334,-877,512
2025-09-01 23:47:43.467714,52.845,94.38,71.76,67.275,86.19,55.185,58.695,36.27,21,342,-886,512
2025-09-01 23:47:43.480429,-35.685,-106.275,-110.955,-142.935,-110.175,-101.4,-124.41,-106.86,26,331,-897,448
2025-09-01 23:47:43.493143,-19.5,-77.22,-84.435,-93.015,-67.86,-80.34,-99.255,-87.75,26,331,-897,448
2025-09-01 23:47:43.505857,20.67,-11.31,-37.245000000000005,-32.370000000000005,-7.605,-17.745,-51.09,-40.95,22,328,-896,448
2025-09-01 23:47:43.518571,66.3,65.52,57.330000000000005,44.85,63.96,66.3,-31.98,46.41,19,328,-895,384
2025-09-01 23:47:43.531286,98.475,92.235,89.50500000000001,80.34,103.74,96.135,82.095,51.09,20,328,-896,448
2025-09-01 23:47:43.544000,131.625,143.13,145.275,132.015,153.66,145.47,160.485,102.375,20,328,-896,448
2025-09-01 23:47:43.553000,117.78,104.52,92.04,94.38,110.37,76.245,78.39,50.7,24,330,-901,384
2025-09-01 23:47:43.562000,139.23000000000002,85.8,116.415,131.43,149.37,121.095,104.91,82.875,19,320,-892,448
2025-09-01 23:47:43.571000,101.79,47.97,81.12,100.815,114.66,75.66,65.52,46.02,19,320,-892,448
2025-09-01 23:47:43.580000,57.915,0.975,44.07,41.925,36.66,35.1,36.075,22.815,16,320,-891,384
2025-09-01 23:47:43.589000,32.76,-59.67,-21.255,-36.855,-16.575,-31.200000000000003,-30.42,-29.25,17,321,-895,448
2025-09-01 23:47:43.598000,9.555,-92.82,-59.28,-63.765,-42.315000000000005,-69.03,-67.86,-73.125,19,322,-894,448
2025-09-01 23:47:43.607000,-37.635,-146.64,-129.87,-137.085,-112.32,-130.26,-209.82,-138.84,19,322,-894,448
2025-09-01 23:47:43.619571,18.72,-108.615,-78.58500000000001,-54.795,-29.445,-67.86,-75.27,-82.29,13,322,-886,448
2025-09-01 23:47:43.632143,-8.58,-173.745,-157.365,-126.555,-112.515,-153.85500000000002,-167.115,-176.865,31,321,-894,448
2025-09-01 23:47:43.644714,0.975,-153.07500000000002,-126.75,-89.50500000000001,-80.925,-114.27,-131.625,-150.735,31,321,-894,448
2025-09-01 23:47:43.657286,50.7,-69.22500000000001,-53.625,-41.73,-15.405,-50.895,-49.335,-78.0,37,317,-901,448
2025-09-01 23:47:43.669857,120.12,28.08,19.305,48.75,88.72500000000001,13.65,16.575,-14.04,34,316,-896,448
2025-09-01 23:47:43.682429,148.98000000000002,71.565,53.625,81.12,128.115,48.165,54.21,12.675,30,316,-895,448
2025-09-01 23:47:43.695000,193.44,117.585,105.495,143.32500000000002,191.1,94.38,93.21,38.415,28,314,-911,512
2025-09-01 23:47:43.695500,112.32,46.995000000000005,28.47,63.96,83.655,10.53,31.200000000000003,-26.52,28,313,-898,448
2025-09-01 23:47:43.696000,160.095,152.88,107.835,133.185,152.49,94.575,112.71,61.815000000000005,23,321,-893,448
2025-09-01 23:47:43.708000,135.915,129.285,62.595,99.84,124.02,55.965,64.35000000000001,18.72,23,321,-893,448
2025-09-01 23:47:43.720000,104.715,74.295,-1.56,28.665000000000003,63.57,-18.33,-0.195,-42.705,23,322,-892,448
2025-09-01 23:47:43.732000,54.405,-19.305,-78.19500000000001,-39.195,-15.99,-84.24000000000001,-73.71000000000001,-108.225,25,319,-887,384
2025-09-01 23:47:43.744000,38.415,-47.775,-99.45,-71.175,-50.7,-115.44,-109.98,-128.115,28,317,-896,448
2025-09-01 23:47:43.756000,-0.195,-101.4,-166.725,-137.67000000000002,-106.08,-171.6,-169.065,-184.08,24,311,-886,448
2025-09-01 23:47:43.768857,32.955,-49.335,-122.46,-69.42,-34.515,-114.855,-111.15,-131.625,21,314,-884,448
2025-09-01 23:47:43.781714,212.94,202.02,132.21,168.48000000000002,222.3,127.53,123.435,84.435,21,313,-871,448
2025-09-01 23:47:43.794571,195.975,149.955,113.685,134.94,179.01000000000002,103.155,95.16,68.055,21,313,-871,448
2025-09-01 23:47:43.807429,15.015,65.13,38.805,22.815,47.58,23.4,24.765,-27.885,25,322,-872,448
2025-09-01 23:47:43.820286,0.78,-1.95,-59.67,-70.2,-37.83,-60.255,-74.49000000000001,-87.94500000000001,27,319,-877,384
2025-09-01 23:47:43.833143,-15.405,-43.485,-99.06,-95.16,-57.330000000000005,-96.72,-121.29,-125.58,27,325,-883,448
2025-09-01 23:47:43.846000,-40.56,-64.935,-169.845,-139.035,-105.69,-171.21,-183.495,-186.81,25,320,-883,448
2025-09-01 23:47:43.858714,11.7,-20.475,-116.805,-59.475,-21.84,-104.52,-112.125,-119.535,28,317,-875,448
2025-09-01 23:47:43.871429,-126.165,-271.44,-183.495,-168.87,-164.58,-201.24,-173.745,-187.2,30,313,-873,448
2025-09-01 23:47:43.884143,-95.16,-238.485,-147.42000000000002,-126.36,-136.5,-146.835,-145.47,-151.515,30,317,-878,448
2025-09-01 23:47:43.896857,-43.485,-167.31,-93.6,-55.185,-72.345,-92.625,-91.65,-103.74,30,317,-878,448
2025-09-01 23:47:43.909571,-9.945,-99.45,-20.67,-6.24,7.0200000000000005,-31.005000000000003,-29.25,-56.55,27,320,-870,384
2025-09-01 23:47:43.922286,49.335,-42.705,0.585,57.72,75.465,-10.725,-13.65,-47.775,34,321,-864,448
2025-09-01 23:47:43.935000,60.84,-29.25,51.48,99.645,106.47,53.235,33.345,19.695,34,332,-874,448
2025-09-01 23:47:43.935167,-43.875,-90.675,7.0200000000000005,-9.75,8.775,-6.045,-23.79,-44.85,31,338,-877,448
2025-09-01 23:47:43.935333,-157.95000000000002,-356.46000000000004,-101.01,-235.56,-152.1,-87.36,-201.045,-120.705,25,392,-908,448
2025-09-01 23:47:43.935500,-212.94,-376.74,-132.79500000000002,-283.725,-181.74,-138.45000000000002,-255.45,-161.85,24,389,-911,448
2025-09-01 23:47:43.935667,-333.06,-471.51,-244.92,-305.37,-275.73,-241.8,-399.945,-253.695,24,389,-911,448
2025-09-01 23:47:43.935833,-349.83,-522.015,-349.44,-411.645,-342.81,-345.15000000000003,-511.875,-366.795,28,393,-921,448
2025-09-01 23:47:43.936000,-402.09,-559.455,-409.11,-466.05,-379.665,-388.05,-588.705,-426.465,23,393,-930,448
2025-09-01 23:47:44.027000,-447.525,-619.32,-458.835,-533.715,-455.13,-443.625,-634.725,-471.705,22,392,-918,448
2025-09-01 23:47:44.039429,-534.3000000000001,-605.085,-390.78,-553.41,-440.31,-355.29,-545.61,-375.375,22,391,-914,448
2025-09-01 23:47:44.051857,-416.715,-342.615,-162.435,-345.345,-240.825,-123.045,-350.805,-167.70000000000002,17,364,-895,448
2025-09-01 23:47:44.064286,-433.875,-366.6,-174.13500000000002,-395.265,-285.87,-148.20000000000002,-330.915,-214.11,21,363,-887,384
2025-09-01 23:47:44.076714,-320.77500000000003,-427.635,-244.53,-366.99,-305.175,-233.805,-430.56,-261.495,21,363,-887,384
2025-09-01 23:47:44.089143,-449.67,-537.4200000000001,-354.705,-487.89,-434.655,-333.45,-545.61,-341.055,20,366,-880,448
2025-09-01 23:47:44.101571,-510.705,-586.365,-354.51,-531.1800000000001,-482.625,-328.77000000000004,-539.37,-337.935,21,355,-884,448
2025-09-01 23:47:44.114000,-509.145,-602.745,-415.155,-569.79,-496.86,-404.235,-581.88,-392.73,22,361,-887,448
2025-09-01 23:47:44.123143,-427.245,-508.365,-414.18,-508.755,-409.305,-370.89,-566.475,-360.945,22,358,-893,448
2025-09-01 23:47:44.132286,-227.955,-215.865,-39.585,-179.985,-80.145,6.63,-185.445,-32.955,41,335,-886,384
2025-09-01 23:47:44.141429,-270.855,-253.695,-74.685,-233.22,-127.725,-36.66,-222.69,-69.42,52,332,-883,384
2025-09-01 23:47:44.150571,-343.2,-320.77500000000003,-159.315,-310.05,-193.245,-123.435,-290.55,-148.785,46,334,-880,448
2025-09-01 23:47:44.159714,-295.035,-372.06,-226.005,-316.485,-233.22,-183.885,-364.26,-200.46,39,331,-884,512
2025-09-01 23:47:44.168857,-285.09000000000003,-394.29,-270.855,-332.475,-245.895,-232.635,-404.625,-241.41,39,331,-884,512
2025-09-01 23:47:44.178000,-273.975,-429.195,-323.115,-377.715,-267.15000000000003,-273.0,-452.205,-266.37,35,328,-883,448
2025-09-01 23:47:44.190429,-399.165,-412.035,-278.46000000000004,-344.955,-259.35,-228.15,-390.0,-240.435,32,328,-881,512
2025-09-01 23:47:44.202857,-339.3,-309.46500000000003,-237.315,-371.67,-247.26,-187.2,-332.67,-177.45000000000002,31,330,-870,448
2025-09-01 23:47:44.215286,-328.77000000000004,-284.115,-195.39,-333.255,-224.25,-141.18,-282.555,-143.13,31,322,-887,448
2025-09-01 23:47:44.227714,-261.495,-220.935,-124.215,-264.42,-153.66,-68.83500000000001,-204.36,-74.10000000000001,31,328,-867,448
2025-09-01 23:47:44.240143,-201.045,-136.5,-35.295,-176.28,-78.19500000000001,18.135,-132.6,-9.945,32,322,-871,448
2025-09-01 23:47:44.252571,-160.29,-98.085,4.875,-105.885,-31.005000000000003,56.745000000000005,-79.17,34.905,32,322,-871,448
2025-09-01 23:47:44.265000,-117.78,-41.34,44.85,-54.015,31.005000000000003,102.18,-40.365,63.18,39,321,-872,448
2025-09-01 23:47:44.273857,-130.65,-87.165,0.975,-118.95,-22.035,54.015,-87.36,23.205,37,325,-875,512
2025-09-01 23:47:44.282714,-193.05,97.11,87.94500000000001,-4.29,44.46,128.505,-0.195,116.025,36,360,-901,384
2025-09-01 23:47:44.291571,-154.83,62.595,61.815000000000005,-72.15,-7.995,93.21,28.86,78.78,33,361,-900,512
2025-09-01 23:47:44.300429,-147.42000000000002,-6.24,-3.12,-148.20000000000002,-64.545,26.325,-51.870000000000005,44.85,29,362,-909,448
2025-09-01 23:47:44.309286,-229.515,-84.825,-64.35000000000001,-218.01,-131.235,-32.76,-102.57,-32.76,31,362,-902,448
2025-09-01 23:47:44.318143,-238.68,-120.315,-103.74,-220.74,-149.175,-68.64,-162.435,-52.065000000000005,31,362,-902,448
2025-09-01 23:47:44.327000,-252.72,-156.39,-165.555,-242.19,-173.94,-122.46,-227.37,-96.525,28,368,-893,448
2025-09-01 23:47:44.339571,-183.105,-92.82,-115.44,-192.27,-129.675,-78.19500000000001,-162.04500000000002,-51.285,30,366,-899,448
2025-09-01 23:47:44.352143,-193.245,-151.905,-95.94,-178.815,-131.82,-72.93,-128.895,-24.96,22,376,-916,512
2025-09-01 23:47:44.364714,-162.04500000000002,-118.56,-64.545,-130.455,-78.97500000000001,-37.635,-89.50500000000001,8.19,22,365,-922,384
2025-09-01 23:47:44.377286,-143.13,-65.91,4.485,-81.51,-21.06,38.025,-15.6,74.295,28,371,-909,512
2025-09-01 23:47:44.389857,-76.635,9.165,54.405,8.58,58.695,83.655,29.835,100.62,25,377,-907,384
2025-09-01 23:47:44.402429,-74.295,38.805,94.77,10.335,82.875,125.385,76.635,151.905,25,377,-907,384
2025-09-01 23:47:44.415000,-31.785,82.68,163.995,78.78,138.84,189.15,141.96,205.14,23,366,-900,512
2025-09-01 23:47:44.424000,-4.875,54.405,97.5,69.81,107.835,119.34,67.08,130.065,18,368,-899,448
2025-09-01 23:47:44.433000,-122.07,-150.345,-47.190000000000005,-125.97,-87.75,-24.375,-43.485,37.245000000000005,27,359,-889,448
2025-09-01 23:47:44.442000,-107.25,-123.435,-8.58,-96.33,-55.77,25.35,-14.625,72.345,27,359,-889,448
2025-09-01 23:47:44.451000,-63.375,-50.505,66.495,-12.285,24.765,88.53,73.905,144.10500000000002,28,354,-891,448
2025-09-01 23:47:44.460000,13.455,24.57,149.76,74.295,111.15,178.425,150.345,218.01,30,359,-887,448
2025-09-01 23:47:44.469000,40.755,75.075,171.79500000000002,122.655,160.875,202.8,177.45000000000002,237.315,30,359,-887,448
2025-09-01 23:47:44.478000,53.235,129.09,219.96,171.015,197.34,247.455,230.88,284.31,27,358,-898,448
2025-09-01 23:47:44.490571,66.105,89.7,163.60500000000002,119.535,152.29500000000002,160.29,186.42,225.225,37,351,-884,448
2025-09-01 23:47:44.503143,243.36,250.38,290.55,315.12,294.84000000000003,278.46000000000004,349.245,343.2,39,339,-864,384
2025-09-01 23:47:44.515714,210.405,193.05,265.98,276.51,251.94,257.40000000000003,318.825,315.705,39,339,-864,384
2025-09-01 23:47:44.528286,165.555,106.665,198.315,208.065,159.9,183.105,265.98,256.815,39,338,-853,448
2025-09-01 23:47:44.540857,196.17,81.705,107.64,189.15,158.535,87.36,180.96,172.965,41,343,-851,448
2025-09-01 23:47:44.553429,146.25,28.665000000000003,69.42,156.585,114.66,52.845,139.035,143.715,39,342,-850,448
2025-09-01 23:47:44.566000,45.825,-8.97,27.495,81.12,33.15,33.345,95.355,110.76,39,342,-850,448
2025-09-01 23:47:44.578714,91.845,31.98,88.33500000000001,113.295,71.175,85.41,173.16,174.525,41,346,-849,384
2025-09-01 23:47:44.591429,356.65500000000003,451.62,359.97,433.68,381.81,324.87,456.69,364.26,29,341,-874,448
2025-09-01 23:47:44.604143,340.27500000000003,434.46,319.8,399.555,350.415,277.29,416.13,324.285,29,341,-874,448
2025-09-01 23:47:44.616857,292.305,352.56,220.545,333.64500000000004,265.395,192.465,322.33500000000004,241.02,33,342,-876,448
2025-09-01 23:47:44.629571,241.8,293.475,173.94,261.105,218.985,139.62,269.685,202.605,33,343,-876,448
2025-09-01 23:47:44.642286,221.91,265.395,166.53,229.32,182.325,123.63,246.285,180.96,36,346,-881,448
2025-09-01 23:47:44.655000,185.445,215.085,121.485,166.335,131.43,79.75500000000001,205.92,154.05,36,346,-881,448
2025-09-01 23:47:44.667857,266.175,279.435,182.52,253.305,210.015,154.63500000000002,278.46000000000004,214.11,42,344,-867,448
2025-09-01 23:47:44.680714,218.79,233.61,135.33,181.155,140.79,93.015,244.14,170.625,39,352,-890,512
2025-09-01 23:47:44.693571,223.08,264.615,177.645,224.64,187.785,130.455,269.1,221.715,39,352,-890,512
2025-09-01 23:47:44.706429,285.09000000000003,326.235,247.065,309.075,267.54,213.525,286.455,285.675,38,346,-890,448
2025-09-01 23:47:44.719286,346.32,413.205,323.505,387.465,345.15000000000003,279.435,454.35,317.85,38,357,-885,448
2025-09-01 23:47:44.732143,376.74,436.8,363.09,423.93,370.305,319.41,487.305,379.86,33,357,-887,448
2025-09-01 23:47:44.745000,407.16,481.65,430.365,466.44,424.905,374.985,546.585,429.0,33,357,-887,448
2025-09-01 23:47:44.753429,350.415,441.48,363.87,401.895,346.71000000000004,302.445,483.015,350.02500000000003,50,355,-883,448
2025-09-01 23:47:44.761857,393.12,440.115,380.25,440.31,373.035,339.495,480.285,359.97,19,381,-881,448
2025-09-01 23:47:44.770286,357.825,403.65,353.14500000000004,389.805,335.985,305.955,460.59,339.3,19,381,-881,448
2025-09-01 23:47:44.778714,381.81,358.21500000000003,257.595,350.805,300.69,192.075,375.57,218.205,12,382,-866,448
2025-09-01 23:47:44.787143,223.08,232.44,172.77,238.485,178.425,110.37,261.69,158.925,15,379,-868,384
2025-09-01 23:47:44.795571,206.505,212.94,136.695,197.925,139.62,69.81,218.4,124.215,19,379,-869,448
2025-09-01 23:47:44.804000,213.525,175.11,100.62,166.725,105.105,49.92,217.035,113.88,19,376,-868,448
2025-09-01 23:47:44.817143,253.11,230.88,165.945,224.64,164.97,127.725,270.66,166.53,18,375,-868,448
2025-09-01 23:47:44.830286,228.15,158.145,64.74000000000001,131.625,92.235,-1.755,167.505,33.345,29,374,-883,448
2025-09-01 23:47:44.843429,241.995,186.81,90.285,161.07,129.285,26.715,195.195,66.69,29,374,-883,448
2025-09-01 23:47:44.856571,306.54,267.54,175.11,259.935,226.2,124.41,292.5,151.905,30,372,-885,448
2025-09-01 23:47:44.869714,392.73,356.85,275.34000000000003,366.6,320.58,206.505,375.18,216.645,29,373,-885,448
2025-09-01 23:47:44.882857,403.455,387.66,298.15500000000003,397.995,353.34000000000003,234.195,393.9,239.07,33,375,-882,448
2025-09-01 23:47:44.896000,432.12,432.315,332.67,439.92,398.775,268.125,439.14,272.02500000000003,28,383,-888,384
2025-09-01 23:47:44.904571,398.385,379.47,276.12,373.425,319.8,198.9,374.79,208.845,30,384,-891,448
2025-09-01 23:47:44.913143,167.70000000000002,104.715,42.705,100.815,64.155,-16.38,134.94,8.58,27,374,-884,448
2025-09-01 23:47:44.921714,206.505,144.495,88.92,158.535,122.265,27.495,201.435,59.67,27,374,-884,448
2025-09-01 23:47:44.930286,265.59000000000003,218.79,177.06,241.02,200.46,112.515,284.31,131.43,27,370,-884,512
2025-09-01 23:47:44.938857,312.58500000000004,297.18,233.22,302.055,266.175,173.55,307.90500000000003,176.67000000000002,25,371,-888,448
2025-09-01 23:47:44.947429,327.795,324.48,255.84,331.11,300.885,203.775,264.81,211.38,22,381,-884,448
2025-09-01 23:47:44.956000,352.365,367.38,308.88,371.67,333.06,242.58,391.365,224.055,26,375,-885,448
2025-09-01 23:47:44.968857,319.02000000000004,322.53000000000003,248.235,320.77500000000003,275.145,182.325,345.93,166.53,31,372,-878,448
2025-09-01 23:47:44.981714,269.88,341.64,265.785,317.65500000000003,276.51,194.025,360.36,162.82500000000002,44,346,-876,384
2025-09-01 23:47:44.994571,241.605,313.56,222.69,269.88,237.705,149.955,299.325,133.38,45,347,-866,384
2025-09-01 23:47:45.007429,227.37,261.495,139.815,191.88,172.185,74.49000000000001,206.7,70.005,45,347,-866,384
2025-09-01 23:47:45.020286,184.275,181.35,82.68,128.115,96.33,12.09,142.74,16.185000000000002,40,346,-869,448
2025-09-01 23:47:45.033143,149.37,127.335,42.9,95.94,63.96,-27.105,106.275,-12.09,48,345,-863,448
2025-09-01 23:47:45.046000,76.245,64.35000000000001,5.8500000000000005,28.47,-6.825,-62.595,87.36,-28.665000000000003,45,347,-871,448
2025-09-01 23:47:45.054571,133.38,152.685,80.145,101.01,76.05,23.79,158.34,43.68,43,347,-871,384
2025-09-01 23:47:45.063143,256.62,179.4,247.65,284.31,261.495,192.075,308.88,175.305,41,349,-884,512
2025-09-01 23:47:45.071714,222.105,156.195,214.695,239.85,217.62,152.49,267.15000000000003,140.4,43,352,-881,512
2025-09-01 23:47:45.080286,189.93,89.11500000000001,147.225,163.60500000000002,142.935,83.265,197.145,77.415,43,352,-881,512
2025-09-01 23:47:45.088857,143.715,4.095,55.575,98.67,79.75500000000001,-4.29,110.565,5.07,45,355,-892,512
2025-09-01 23:47:45.097429,118.365,-37.44,21.06,69.81,36.075,-37.83,69.42,-30.03,42,356,-885,448
2025-09-01 23:47:45.106000,70.98,-89.50500000000001,-34.71,4.29,-14.625,-85.605,29.25,-63.57,46,351,-884,512
2025-09-01 23:47:45.119000,111.54,-45.435,16.77,76.635,54.6,-36.075,100.425,-0.39,45,351,-884,448
2025-09-01 23:47:45.132000,36.465,-135.525,-36.075,-22.62,-46.605,-89.7,6.045,-74.10000000000001,33,353,-888,448
2025-09-01 23:47:45.145000,56.745000000000005,-102.57,-10.14,14.04,-12.675,-53.43,36.465,-41.925,38,355,-883,448
2025-09-01 23:47:45.158000,109.59,-35.685,64.935,84.825,56.940000000000005,24.18,105.495,21.45,38,355,-883,448
2025-09-01 23:47:45.171000,153.66,30.615,126.36,148.785,118.365,78.19500000000001,170.43,73.125,35,354,-875,448
2025-09-01 23:47:45.184000,164.19,56.55,153.465,176.67000000000002,146.64,117.78,205.725,107.835,35,352,-879,448
2025-09-01 23:47:45.197000,211.38,109.395,206.505,228.93,205.14,144.69,251.16,138.84,37,354,-875,512
2025-09-01 23:47:45.209714,177.06,58.5,142.155,166.53,135.33,83.265,178.815,83.265,36,352,-879,448
2025-09-01 23:47:45.222429,-6.825,-161.46,-71.37,-59.67,-96.33,-120.705,-26.91,-92.82,42,352,-882,448
2025-09-01 23:47:45.235143,30.615,-128.115,-45.24,-28.08,-59.475,-89.7,7.0200000000000005,-71.955,49,347,-878,384
2025-09-01 23:47:45.247857,88.72500000000001,-60.255,21.45,54.21,32.955,-16.38,79.36500000000001,-3.12,47,351,-885,448
2025-09-01 23:47:45.260571,135.525,5.46,98.28,127.725,93.405,54.405,142.74,55.575,49,354,-883,448
2025-09-01 23:47:45.273286,155.805,37.635,126.36,161.85,130.455,85.8,176.28,82.875,49,354,-883,448
2025-09-01 23:47:45.286000,196.17,94.575,173.35500000000002,219.18,180.765,131.235,215.475,119.145,48,357,-885,512
2025-09-01 23:47:45.299429,161.655,54.015,114.27,153.27,117.195,60.255,145.47,57.525,45,357,-884,448
2025-09-01 23:47:45.312857,139.035,58.89,156.0,182.325,116.805,113.88,181.545,102.375,61,349,-889,384
2025-09-01 23:47:45.326286,105.3,21.45,123.63,119.535,47.385000000000005,75.66,153.66,73.515,61,348,-882,448
2025-09-01 23:47:45.339714,76.05,-42.120000000000005,50.115,41.535,7.800000000000001,-0.39,71.955,13.65,65,349,-880,448
2025-09-01 23:47:45.353143,23.01,-97.5,-39.78,-2.535,-45.63,-76.83,-79.95,-52.455,64,351,-886,448
2025-09-01 23:47:45.366571,-10.335,-140.79,-76.635,-55.77,-95.55,-116.805,-45.825,-118.365,64,351,-886,448
2025-09-01 23:47:45.380000,-47.97,-200.655,-132.6,-104.715,-157.56,-172.965,-74.88,-146.25,58,349,-883,448
2025-09-01 23:47:45.392143,1.95,-119.145,-46.41,-33.345,-75.075,-67.275,0.195,-47.775,56,351,-881,448
2025-09-01 23:47:45.404286,-46.605,-168.09,-141.765,-109.785,-147.81,-160.485,-104.715,-128.895,63,347,-880,448
2025-09-01 23:47:45.416429,-14.625,-130.455,-116.22,-65.13,-106.665,-128.895,-130.065,-92.04,56,350,-877,448
2025-09-01 23:47:45.428571,38.61,-60.255,-41.73,9.165,-29.445,-41.34,-32.370000000000005,-17.16,60,350,-880,448
2025-09-01 23:47:45.440714,71.955,-2.145,41.925,68.83500000000001,30.615,29.64,104.13,19.305,64,346,-877,448
2025-09-01 23:47:45.452857,94.575,28.08,74.10000000000001,108.42,66.3,49.335,124.995,64.545,64,346,-877,448
2025-09-01 23:47:45.465000,130.845,82.68,125.385,157.365,114.855,105.495,170.235,112.905,56,342,-870,448
2025-09-01 23:47:45.474000,95.94,28.86,63.96,99.45,43.095,19.11,99.645,46.02,58,343,-873,448
2025-09-01 23:47:45.483000,101.985,101.01,125.775,149.76,102.18,106.665,134.745,97.5,67,350,-892,448
2025-09-01 23:47:45.492000,73.32000000000001,55.965,84.045,104.13,53.235,73.71000000000001,90.675,65.91,63,343,-883,448
2025-09-01 23:47:45.501000,7.0200000000000005,-37.44,1.365,8.385,-43.485,-29.445,12.675,-11.895,64,349,-884,448
2025-09-01 23:47:45.510000,-42.9,-83.655,-75.855,-53.235,-98.28,-101.205,-62.205000000000005,-80.73,62,351,-883,512
2025-09-01 23:47:45.519000,-59.865,-113.295,-109.98,-80.145,-131.235,-132.99,-101.01,-109.59,62,351,-883,512
2025-09-01 23:47:45.528000,-92.82,-168.285,-156.78,-131.43,-173.94,-185.25,-137.28,-140.205,57,347,-882,512
2025-09-01 23:47:45.540429,-56.55,-117.78,-96.135,-63.96,-116.22,-115.83,-71.565,-86.775,58,349,-887,448
2025-09-01 23:47:45.552857,66.885,84.045,88.53,131.04,82.485,81.51,109.785,70.98,48,356,-891,512
2025-09-01 23:47:45.565286,41.925,47.775,52.260000000000005,90.285,48.75,46.8,66.69,35.685,52,353,-891,448
2025-09-01 23:47:45.577714,-12.87,-24.96,-18.915,11.31,-34.515,-24.765,-5.655,-20.475,54,353,-889,448
2025-09-01 23:47:45.590143,-65.52,-98.67,-96.33,-55.575,-101.79,-105.69,-69.22500000000001,-88.33500000000001,54,351,-886,512
2025-09-01 23:47:45.602571,-83.07000000000001,-123.24,-123.435,-88.53,-138.255,-134.35500000000002,-110.955,-122.265,54,351,-886,512
2025-09-01 23:47:45.615000,-115.245,-166.14,-167.115,-136.11,-183.885,-168.675,-152.29500000000002,-146.64,61,353,-895,512
2025-09-01 23:47:45.624000,-78.19500000000001,-133.965,-93.795,-66.3,-116.805,-88.33500000000001,-68.64,-80.535,58,353,-885,448
2025-09-01 23:47:45.633000,-105.3,-143.715,-160.095,-119.34,-154.83,-161.07,-135.33,-135.72,55,342,-889,704
2025-09-01 23:47:45.642000,-84.63000000000001,-114.27,-120.315,-84.825,-117.39,-125.19,-94.38,-104.52,55,342,-889,512
2025-09-01 23:47:45.651000,-47.58,-54.6,-60.06,-15.6,-56.16,-60.84,-28.275,-47.97,52,347,-887,448
2025-09-01 23:47:45.660000,36.075,31.98,23.985,68.64,34.905,22.62,39.0,15.21,52,351,-882,448
2025-09-01 23:47:45.669000,72.54,48.75,58.5,100.425,67.665,58.11,74.49000000000001,48.945,52,351,-882,384
2025-09-01 23:47:45.678000,2.535,78.39,101.595,120.315,78.39,92.235,113.685,80.145,51,351,-868,384
2025-09-01 23:47:45.691571,2.34,38.22,39.585,49.725,-4.875,30.03,43.29,14.82,56,355,-878,448
2025-09-01 23:47:45.705143,61.035,91.65,80.145,121.095,83.655,70.395,97.695,52.065000000000005,55,346,-889,512
2025-09-01 23:47:45.718714,29.64,53.43,42.51,79.36500000000001,43.485,30.225,57.525,23.985,55,346,-889,512
2025-09-01 23:47:45.732286,-20.475,-19.305,-27.885,-2.34,-32.955,-42.120000000000005,-42.51,-31.785,54,343,-889,448
2025-09-01 23:47:45.745857,-69.03,-62.595,-95.16,-63.57,-96.915,-108.03,-105.105,-101.205,51,345,-889,448
2025-09-01 23:47:45.759429,-94.185,-104.325,-126.165,-107.835,-134.16,-139.035,-132.99,-119.73,51,344,-888,512
2025-09-01 23:47:45.773000,-134.745,-160.29,-170.235,-154.44,-189.15,-176.865,-167.505,-148.395,51,344,-888,512
2025-09-01 23:47:45.784571,-99.84,-100.815,-107.25,-90.48,-115.83,-108.81,-100.035,-85.41,52,343,-904,448
2025-09-01 23:47:45.796143,46.215,96.72,100.23,102.18,76.83,84.825,88.33500000000001,69.81,54,340,-893,512
2025-09-01 23:47:45.807714,31.005000000000003,66.885,56.55,70.005,46.215,41.73,47.190000000000005,31.59,54,340,-893,512
2025-09-01 23:47:45.819286,-16.965,5.265000000000001,-22.035,-5.8500000000000005,-28.47,-38.61,-30.42,-36.855,55,341,-901,448
2025-09-01 23:47:45.830857,-73.32000000000001,-80.73,-88.72500000000001,-85.8,-114.855,-95.55,-99.255,-95.745,55,343,-894,512
2025-09-01 23:47:45.842429,-101.985,-112.125,-120.9,-123.435,-147.03,-119.73,-130.65,-119.73,54,346,-894,448
2025-09-01 23:47:45.854000,-132.015,-157.17000000000002,-169.065,-158.925,-184.86,-171.6,-161.265,-150.735,54,346,-894,448
2025-09-01 23:47:45.871857,-95.16,-100.62,-114.855,-100.815,-129.09,-108.42,-107.64,-94.575,57,348,-896,448
2025-09-01 23:47:45.889714,-98.28,-108.81,-172.57500000000002,-151.32,-172.965,-177.645,-173.16,-155.025,62,339,-884,448
2025-09-01 23:47:45.907571,-70.785,-72.15,-141.96,-113.88,-129.09,-144.10500000000002,-130.65,-125.97,62,339,-884,448
2025-09-01 23:47:45.925429,-19.305,10.92,-63.18,-32.370000000000005,-48.555,-63.18,-60.45,-54.795,57,329,-877,448
2025-09-01 23:47:45.943286,20.085,60.84,23.985,25.935,4.68,25.545,15.405,27.69,62,336,-879,448
2025-09-01 23:47:45.961143,36.075,89.7,56.745000000000005,51.870000000000005,33.54,71.175,54.795,55.38,63,339,-881,512
2025-09-01 23:47:45.979000,79.75500000000001,156.39,90.87,97.695,89.31,85.41,89.895,72.345,63,335,-877,448
2025-09-01 23:47:45.979250,31.98,93.6,27.105,46.02,22.23,14.82,26.91,11.31,63,338,-883,512
2025-09-01 23:47:45.979500,-90.09,-97.5,-168.09,-144.10500000000002,-154.245,-167.70000000000002,-158.34,-149.175,62,339,-878,448
2025-09-01 23:47:45.979750,-74.49000000000001,-63.375,-127.53,-107.25,-120.12,-124.605,-122.85,-114.855,62,339,-878,448
2025-09-01 23:47:45.980000,-13.065,11.31,-55.575,-31.200000000000003,-39.78,-46.8,-45.435,-52.065000000000005,60,345,-883,448
2025-09-01 23:47:46.008333,24.18,67.275,0.0,26.715,15.6,3.315,-12.09,-8.58,63,339,-880,448
2025-09-01 23:47:46.036667,37.05,96.915,21.255,51.48,37.05,26.325,-50.895,27.69,67,342,-881,448
2025-09-01 23:47:46.065000,62.595,143.32500000000002,76.44,97.695,86.58,76.05,62.79,49.335,67,339,-882,448
2025-09-01 23:47:46.074000,54.99,102.96,34.71,56.355,41.34,20.865,51.285,10.335,66,338,-882,448
2025-09-01 23:47:46.083000,93.21,152.1,104.91,112.515,101.01,98.28,108.42,88.33500000000001,57,340,-891,448
2025-09-01 23:47:46.092000,73.905,112.905,72.15,73.32000000000001,59.475,63.765,66.885,57.72,57,340,-891,448
2025-09-01 23:47:46.101000,15.405,31.785,-11.31,-12.48,-30.03,-15.795,-29.445,-24.18,60,338,-901,448
2025-09-01 23:47:46.110000,-38.805,-44.46,-83.265,-84.045,-99.06,-78.39,-99.255,-86.58,55,340,-893,448
2025-09-01 23:47:46.119000,-59.67,-74.685,-115.635,-121.29,-136.89,-103.74,-136.305,-114.465,51,339,-877,448
2025-09-01 23:47:46.128000,-83.46000000000001,-107.835,-178.23000000000002,-156.39,-170.82,-179.01000000000002,-182.13,-162.435,54,338,-882,512
2025-09-01 23:47:46.140286,-34.125,-38.805,-120.705,-80.73,-85.02,-114.855,-105.885,-96.525,54,337,-886,512
2025-09-01 23:47:46.152571,-69.42,-103.155,-158.535,-129.87,-145.665,-157.17000000000002,-165.945,-157.755,47,344,-896,448
2025-09-01 23:47:46.164857,-37.44,-68.25,-121.68,-94.38,-103.935,-115.635,-120.705,-109.785,50,344,-905,512
2025-09-01 23:47:46.177143,12.675,14.04,-48.555,-21.84,-27.3,-41.925,-53.82,-47.190000000000005,50,344,-905,512
2025-09-01 23:47:46.189429,57.330000000000005,74.49000000000001,25.155,42.9,31.005000000000003,31.395,20.865,19.5,54,339,-906,448
2025-09-01 23:47:46.201714,77.025,100.23,58.305,72.15,58.695,66.885,55.965,54.795,58,345,-911,448
2025-09-01 23:47:46.214000,111.345,146.445,107.055,122.07,104.13,99.645,93.6,83.655,49,345,-901,512
2025-09-01 23:47:46.222571,70.59,81.12,44.655,52.260000000000005,25.935,34.32,32.955,21.255,46,343,-899,448
2025-09-01 23:47:46.231143,81.12,135.915,93.015,109.395,90.48,93.6,73.71000000000001,68.25,46,341,-897,448
2025-09-01 23:47:46.239714,56.355,104.13,65.325,72.93,57.915,64.74000000000001,42.120000000000005,41.535,44,338,-895,384
2025-09-01 23:47:46.248286,9.165,40.365,-9.165,-14.43,-36.855,-10.53,-93.405,-17.355,44,338,-895,384
2025-09-01 23:47:46.256857,-15.795,-21.06,-81.9,-78.0,-78.97500000000001,-77.805,-109.59,-94.38,39,343,-895,512
2025-09-01 23:47:46.265429,-40.17,-48.165,-121.29,-112.125,-116.22,-117.0,-107.055,-137.865,41,338,-894,512
2025-09-01 23:47:46.274000,-75.075,-101.01,-146.055,-158.73000000000002,-168.285,-149.955,-149.955,-142.74,44,336,-892,512
2025-09-01 23:47:46.287143,-56.16,-50.31,-82.68,-111.54,-107.445,-68.83500000000001,-88.72500000000001,-68.64,44,338,-889,448
2025-09-01 23:47:46.300286,-15.015,100.62,85.605,27.3,31.395,112.32,37.245000000000005,82.68,42,331,-885,448
2025-09-01 23:47:46.313429,-36.66,55.575,49.725,-10.335,-7.215,66.885,-1.17,38.61,42,335,-886,448
2025-09-01 23:47:46.326571,-96.72,-28.275,-42.9,-93.015,-95.94,-13.065,-103.935,-36.075,42,335,-886,448
2025-09-01 23:47:46.339714,-150.54,-84.045,-117.195,-174.915,-161.655,-90.87,-162.435,-94.77,42,331,-875,448
2025-09-01 23:47:46.352857,-178.425,-116.025,-147.03,-212.745,-197.73,-116.805,-244.92,-120.9,37,325,-872,384
2025-09-01 23:47:46.366000,-218.595,-175.11,-177.645,-264.81,-256.035,-146.25,-284.115,-139.62,38,328,-882,512
2025-09-01 23:47:46.375857,-134.94,-96.33,-104.325,-169.455,-144.495,-67.665,-123.435,-84.825,41,330,-888,384
2025-09-01 23:47:46.385714,-193.05,-145.08,-154.05,-233.805,-205.335,-123.435,-207.48,-121.095,56,318,-881,448
2025-09-01 23:47:46.395571,-174.13500000000002,-97.5,-110.955,-186.42,-163.995,-78.97500000000001,-164.38500000000002,-84.435,55,318,-872,448
2025-09-01 23:47:46.405429,-119.34,-34.32,-38.805,-111.93,-93.405,8.58,-83.07000000000001,-7.41,53,318,-873,512
2025-09-01 23:47:46.415286,-82.875,29.64,27.885,-58.305,-37.245000000000005,51.48,-25.935,39.585,56,320,-877,512
2025-09-01 23:47:46.425143,-56.355,37.44,73.125,-20.67,-2.73,101.4,14.82,78.19500000000001,56,320,-877,512
2025-09-01 23:47:46.435000,-42.705,75.855,122.07,18.525,31.59,140.985,67.86,108.03,57,324,-878,448
2025-09-01 23:47:46.446571,-72.735,32.955,60.255,-52.260000000000005,-24.18,61.035,-9.75,46.41,53,320,-875,384
2025-09-01 23:47:46.458143,-16.77,111.345,75.855,34.71,50.7,90.285,17.355,62.010000000000005,54,337,-897,448
2025-09-01 23:47:46.469714,-35.685,80.535,33.54,3.51,23.985,40.365,-17.16,25.35,41,339,-898,512
2025-09-01 23:47:46.481286,-85.41,8.58,-42.9,-69.81,-55.38,-27.885,-85.8,-33.735,47,335,-895,448
2025-09-01 23:47:46.492857,-151.905,-47.385000000000005,-120.51,-156.195,-127.725,-104.52,-198.12,-123.24,46,335,-890,512
2025-09-01 23:47:46.504429,-211.77,-107.445,-157.95000000000002,-215.085,-179.595,-140.595,-244.335,-162.63,46,335,-890,512
2025-09-01 23:47:46.516000,-197.925,-157.755,-175.695,-233.22,-202.215,-157.365,-235.365,-163.41,44,336,-891,448
2025-09-01 23:47:46.518000,-156.975,-81.9,-65.325,-120.9,-117.78,-46.605,-90.48,-19.695,48,335,-891,448
2025-09-01 23:47:46.520000,-208.65,-191.88,-261.3,-302.055,-228.735,-243.36,-304.98,-250.185,43,342,-910,448
2025-09-01 23:47:46.536600,-169.26000000000002,-147.42000000000002,-216.645,-245.31,-172.185,-205.725,-257.595,-221.715,53,336,-908,512
2025-09-01 23:47:46.553200,-95.94,-65.715,-143.32500000000002,-147.42000000000002,-73.125,-124.02,-172.965,-148.395,54,338,-905,512
2025-09-01 23:47:46.569800,-50.31,-6.4350000000000005,-77.61,-78.0,-20.475,-55.38,-114.27,-78.78,52,339,-904,384
2025-09-01 23:47:46.586400,-33.54,12.09,-39.195,-40.365,3.12,-13.455,-59.865,-39.0,52,339,-904,384
2025-09-01 23:47:46.603000,-3.705,65.91,-2.9250000000000003,-14.625,53.82,16.575,-37.05,-23.4,52,340,-895,512
2025-09-01 23:47:46.616286,18.915,18.915,-75.66,-58.305,9.555,-63.18,-115.635,-85.995,46,339,-899,512
2025-09-01 23:47:46.629571,-124.8,-140.4,-223.86,-205.92,-173.16,-224.64,-226.785,-194.415,38,337,-907,512
2025-09-01 23:47:46.642857,-97.11,-103.545,-192.855,-163.8,-130.455,-187.59,-193.05,-159.9,42,333,-905,448
2025-09-01 23:47:46.656143,-27.495,-21.84,-93.21,-70.005,-43.68,-82.095,-82.29,-90.675,40,332,-904,448
2025-09-01 23:47:46.669429,35.49,64.74000000000001,-15.6,17.16,48.945,-0.585,-39.78,-18.135,43,332,-903,512
2025-09-01 23:47:46.682714,80.145,97.695,22.035,62.985,90.48,46.02,-10.53,16.575,43,332,-903,512
2025-09-01 23:47:46.696000,123.24,107.835,50.115,85.8,114.66,61.425,25.935,36.66,47,335,-909,384
2025-09-01 23:47:46.696200,-17.745,35.1,0.585,-11.31,9.555,-1.365,-13.65,-17.355,44,336,-903,448
2025-09-01 23:47:46.696400,131.82,157.755,119.73,161.265,150.345,113.685,121.485,117.195,52,313,-889,448
2025-09-01 23:47:46.696600,109.785,120.315,79.36500000000001,124.41,115.635,70.59,80.535,80.535,44,312,-882,448
2025-09-01 23:47:46.696800,46.995000000000005,29.055,-13.26,33.15,27.69,-17.355,-4.095,-5.07,44,314,-880,512
2025-09-01 23:47:46.697000,4.875,-41.925,-71.37,-26.52,-34.32,-69.81,-64.545,-48.165,45,313,-878,448
2025-09-01 23:47:46.726000,-9.36,-73.125,-106.275,-56.16,-61.035,-104.52,-98.475,-93.795,45,313,-878,448
2025-09-01 23:47:46.755000,-46.605,-101.01,-133.77,-101.205,-103.155,-128.895,-127.92,-106.275,51,311,-864,512
2025-09-01 23:47:46.767714,6.63,-22.23,-41.34,-28.275,-27.495,-31.59,-28.47,-13.845,59,311,-871,384
2025-09-01 23:47:46.780429,-7.605,6.825,-70.395,-51.09,-50.505,-57.330000000000005,-67.86,-46.41,47,328,-920,448
2025-09-01 23:47:46.793143,12.09,35.295,-40.17,-19.695,-13.065,-25.74,-23.4,-16.38,47,328,-920,448
2025-09-01 23:47:46.805857,68.25,113.685,36.465,60.84,59.67,50.31,56.355,51.09,48,328,-921,512
2025-09-01 23:47:46.818571,117.975,177.645,101.01,124.605,127.335,119.145,106.275,102.18,53,327,-921,448
2025-09-01 23:47:46.831286,136.11,202.02,138.645,161.85,160.29,163.215,140.79,140.79,53,327,-921,448
2025-09-01 23:47:46.844000,149.955,237.12,164.38500000000002,181.545,182.91,180.18,168.675,152.88,55,327,-919,448
2025-09-01 23:47:46.852714,101.205,173.94,86.19,106.47,107.835,87.555,88.72500000000001,81.51,46,327,-908,448
2025-09-01 23:47:46.861429,-25.74,-14.82,-86.775,-67.08,-75.27,-71.76,-58.89,-49.14,58,350,-905,448
2025-09-01 23:47:46.870143,9.555,25.35,-43.095,-26.715,-30.225,-24.18,-15.21,-15.795,58,350,-905,448
2025-09-01 23:47:46.878857,63.375,95.745,32.370000000000005,64.74000000000001,49.335,46.8,60.255,54.6,56,349,-906,448
2025-09-01 23:47:46.887571,104.325,159.315,100.62,120.705,106.275,111.15,134.35500000000002,111.15,58,347,-908,512
2025-09-01 23:47:46.896286,128.31,196.365,133.77,160.485,150.345,143.91,159.315,146.055,54,348,-908,384
2025-09-01 23:47:46.905000,156.78,238.875,168.87,195.585,179.01000000000002,174.915,177.84,162.63,54,348,-908,384
2025-09-01 23:47:46.905200,114.66,168.48000000000002,100.425,126.555,101.79,97.5,112.515,98.28,59,353,-914,384
2025-09-01 23:47:46.905400,121.875,203.58,116.61,180.765,164.19,132.99,149.76,133.77,52,344,-893,448
2025-09-01 23:47:46.905600,103.155,172.965,72.93,147.225,128.895,80.34,107.055,89.895,52,344,-893,448
2025-09-01 23:47:46.905800,51.675,95.355,16.38,66.69,45.24,18.525,35.685,38.22,51,342,-888,512
2025-09-01 23:47:46.906000,-3.12,29.055,-22.23,-4.095,-29.835,-24.765,-9.36,7.215,49,341,-889,448
2025-09-01 23:47:46.951000,-41.73,-14.625,-51.675,-58.305,-81.51,-51.285,-33.15,-20.085,49,339,-889,448
2025-09-01 23:47:46.996000,-65.52,-57.525,-89.50500000000001,-75.27,-94.575,-86.97,-56.55,-48.945,49,339,-889,448
2025-09-01 23:47:47.004571,-9.945,25.935,-23.79,-3.9,-16.77,-15.6,7.41,20.865,47,335,-886,384
2025-09-01 23:47:47.013143,109.785,196.95,148.20000000000002,174.33,140.01,145.275,172.57500000000002,139.815,52,324,-869,512
2025-09-01 23:47:47.021714,82.095,147.42000000000002,107.25,132.79500000000002,97.305,109.785,108.81,117.975,52,324,-869,512
2025-09-01 23:47:47.030286,41.34,83.655,37.05,68.64,37.44,31.005000000000003,46.8,59.475,42,327,-876,384
2025-09-01 23:47:47.038857,-5.265000000000001,13.065,-50.895,1.365,-31.785,-43.485,-39.585,-21.45,49,327,-870,448
2025-09-01 23:47:47.047429,-26.130000000000003,-16.575,-71.76,-32.175000000000004,-69.22500000000001,-77.61,-71.37,-50.895,49,324,-869,448
2025-09-01 23:47:47.056000,-55.965,-51.48,-98.475,-68.25,-97.11,-97.11,-78.78,-57.135000000000005,49,324,-869,448
2025-09-01 23:47:47.068714,-13.26,45.24,-30.42,2.145,-23.985,-10.725,-3.705,11.7,53,319,-880,448
2025-09-01 23:47:47.081429,-49.14,-28.08,-95.355,-59.085,-84.045,-79.36500000000001,-80.535,-72.93,51,337,-906,448
2025-09-01 23:47:47.094143,-31.59,6.24,-51.48,-24.18,-49.725,-35.49,-41.34,-30.81,51,337,-906,448
2025-09-01 23:47:47.106857,15.405,73.71000000000001,35.1,41.34,19.11,46.02,48.555,44.265,47,342,-907,448
2025-09-01 23:47:47.119571,60.84,143.91,88.33500000000001,103.74,91.65,91.26,107.64,86.775,49,339,-898,448
2025-09-01 23:47:47.132286,82.095,178.815,130.845,137.085,129.675,138.255,159.315,101.79,51,338,-899,512
2025-09-01 23:47:47.145000,109.005,198.705,173.35500000000002,173.94,147.42000000000002,174.33,174.525,150.735,49,338,-896,448
2025-09-01 23:47:47.157857,50.505,129.675,105.3,86.19,60.645,94.185,93.21,76.05,50,338,-897,448
2025-09-01 23:47:47.170714,26.52,115.05,93.99,60.255,66.105,99.45,67.665,62.010000000000005,50,349,-903,384
2025-09-01 23:47:47.183571,-10.53,78.97500000000001,65.91,59.67,26.52,75.465,56.16,57.72,50,349,-903,384
2025-09-01 23:47:47.196429,-22.035,21.255,-29.25,-22.815,-33.15,-23.01,-51.285,-50.505,44,345,-900,512
2025-09-01 23:47:47.209286,-32.955,-49.725,-157.365,-116.22,-107.835,-142.155,-196.17,-198.12,50,345,-908,448
2025-09-01 23:47:47.222143,-267.54,-140.985,-196.17,-284.505,-218.79,-189.735,-238.875,-218.595,43,348,-909,448
2025-09-01 23:47:47.235000,-385.71,-207.87,-243.36,-340.47,-275.145,-226.98,-295.23,-260.325,49,348,-899,448
2025-09-01 23:47:47.247857,-218.205,-130.455,-143.715,-178.23000000000002,-169.065,-114.66,-166.725,-136.5,51,351,-897,512
2025-09-01 23:47:47.260714,-372.645,-631.41,-433.095,-481.65,-458.445,-373.035,-550.875,-399.555,54,355,-904,384
2025-09-01 23:47:47.273571,-242.97,-563.5500000000001,-393.9,-363.675,-379.86,-330.915,-509.34,-372.255,53,355,-908,512
2025-09-01 23:47:47.286429,-232.635,-487.305,-323.505,-317.85,-315.12,-267.15000000000003,-473.655,-337.35,53,355,-908,512
2025-09-01 23:47:47.299286,-230.88,-441.675,-267.735,-284.7,-268.71000000000004,-210.99,-402.285,-273.0,49,352,-895,448
2025-09-01 23:47:47.312143,-208.65,-411.84,-226.59,-264.03000000000003,-241.605,-166.92000000000002,-353.14500000000004,-222.3,50,345,-895,448
2025-09-01 23:47:47.325000,-245.895,-406.185,-210.6,-259.545,-244.335,-163.41,-356.265,-251.94,51,349,-889,512
2025-09-01 23:47:47.338000,-401.31,-544.245,-322.53000000000003,-455.13,-380.25,-255.645,-463.71,-345.15000000000003,50,351,-895,384
2025-09-01 23:47:47.351000,-321.165,-578.76,-407.355,-362.115,-393.315,-343.785,-504.0750000000001,-368.94,45,340,-883,512
2025-09-01 23:47:47.364000,-284.505,-534.105,-353.73,-297.96000000000004,-340.27500000000003,-284.31,-456.69,-317.46000000000004,48,339,-885,448
2025-09-01 23:47:47.377000,-232.635,-470.535,-268.71000000000004,-224.055,-273.39,-213.72,-379.275,-254.475,48,339,-885,448
2025-09-01 23:47:47.390000,-198.51,-414.765,-212.94,-182.52,-209.625,-147.03,-323.89500000000004,-203.58,48,340,-887,448
2025-09-01 23:47:47.403000,-186.615,-380.64,-179.4,-139.62,-172.57500000000002,-109.98,-290.355,-179.205,54,336,-884,448
2025-09-01 23:47:47.416000,-177.84,-365.04,-158.34,-122.265,-151.125,-98.67,-272.805,-175.11,49,338,-890,384
2025-09-01 23:47:47.424571,-246.87,-460.395,-226.98,-226.395,-261.3,-149.565,-353.535,-240.24,49,336,-890,384
2025-09-01 23:47:47.433143,-152.1,-276.12,-79.75500000000001,-23.01,-75.855,-42.9,-127.14,-66.885,67,333,-886,448
2025-09-01 23:47:47.441714,-121.68,-282.75,-118.17,-27.3,-104.715,-81.51,-169.845,-104.13,65,330,-886,448
2025-09-01 23:47:47.450286,-108.03,-322.33500000000004,-154.44,-62.010000000000005,-143.32500000000002,-117.0,-212.94,-127.92,65,330,-886,448
2025-09-01 23:47:47.458857,-171.21,-387.075,-217.425,-122.46,-209.43,-173.35500000000002,-275.535,-179.595,63,326,-876,512
2025-09-01 23:47:47.467429,-189.15,-430.95,-250.77,-163.215,-251.55,-211.965,-307.71000000000004,-216.06,66,325,-875,512
2025-09-01 23:47:47.476000,-232.635,-459.615,-272.22,-206.7,-274.365,-230.685,-309.075,-222.69,66,332,-880,320
2025-09-01 23:47:47.488714,-168.675,-365.82,-197.145,-93.6,-166.53,-145.86,-236.73,-152.88,66,335,-885,448
2025-09-01 23:47:47.501429,48.555,-163.215,-21.645,123.825,13.065,29.64,-29.64,17.745,66,333,-888,448
2025-09-01 23:47:47.514143,-134.55,-237.12,-7.41,59.865,-68.64,21.06,5.07,39.78,61,329,-886,512
2025-09-01 23:47:47.526857,-127.14,-298.15500000000003,-108.03,-28.08,-117.39,-93.015,-94.77,-75.855,61,329,-886,448
2025-09-01 23:47:47.539571,-211.77,-359.97,-200.655,-115.83,-179.4,-149.565,-235.755,-167.505,69,328,-883,448
2025-09-01 23:47:47.552286,-157.755,-369.33,-235.365,-128.115,-193.245,-205.53,-276.315,-238.68,69,328,-883,448
2025-09-01 23:47:47.565000,-51.675,-335.40000000000003,-315.51,35.1,-128.70000000000002,-254.67,-377.52,-296.985,68,330,-878,448
2025-09-01 23:47:47.574714,-121.875,-301.86,-155.415,-3.12,-115.05,-117.78,-153.66,-109.395,63,328,-883,448
2025-09-01 23:47:47.584429,-43.29,-354.315,-253.5,-2.535,-125.775,-196.95,-250.77,-171.79500000000002,62,346,-889,512
2025-09-01 23:47:47.594143,-78.58500000000001,-344.76,-147.225,-18.915,-125.385,-91.455,-149.565,-35.685,55,348,-895,448
2025-09-01 23:47:47.603857,-8.775,-282.555,-67.86,62.985,-59.865,-29.25,-64.74000000000001,-8.58,56,343,-894,512
2025-09-01 23:47:47.613571,3.9,-232.635,-46.41,140.595,4.485,3.705,-57.915,4.095,55,345,-889,384
2025-09-01 23:47:47.623286,27.885,-179.01000000000002,14.04,191.88,48.36,60.645,15.6,86.775,55,345,-889,384
2025-09-01 23:47:47.633000,31.005000000000003,-171.79500000000002,37.05,194.61,54.015,70.59,22.815,76.44,55,342,-891,512
2025-09-01 23:47:47.645286,-169.26000000000002,-294.84000000000003,-143.52,29.835,-70.005,-105.3,-195.195,-164.58,57,343,-886,448
2025-09-01 23:47:47.657571,38.805,-359.385,-197.925,72.93,-96.915,-139.815,-180.96,-107.445,54,347,-890,448
2025-09-01 23:47:47.669857,65.13,-317.46000000000004,-144.69,106.86,-57.72,-90.285,-131.04,-40.95,57,346,-903,448
2025-09-01 23:47:47.682143,77.025,-247.065,-57.135000000000005,172.38,0.78,-1.95,-38.22,41.925,57,345,-900,384
2025-09-01 23:47:47.694429,64.545,-201.825,22.62,196.95,50.115,64.155,44.655,106.47,55,346,-893,448
2025-09-01 23:47:47.706714,12.09,-183.885,47.58,220.545,73.71000000000001,90.48,63.57,97.5,55,346,-893,448
2025-09-01 23:47:47.719000,138.06,-131.43,46.41,268.515,128.115,90.285,47.190000000000005,97.305,58,347,-886,448
2025-09-01 23:47:47.719400,110.76,-194.805,6.825,226.98,53.43,37.05,15.6,76.245,52,347,-893,448
2025-09-01 23:47:47.719800,381.03,-150.15,191.685,619.125,343.2,194.22,267.15000000000003,251.16,39,341,-885,448
2025-09-01 23:47:47.720200,431.34,-163.215,160.29,611.325,323.89500000000004,161.07,242.385,250.965,45,341,-891,448
2025-09-01 23:47:47.720600,307.90500000000003,-242.97,113.49,518.895,217.23,120.705,213.72,241.02,47,344,-892,384
2025-09-01 23:47:47.721000,281.77500000000003,-304.005,76.44,459.81,172.38,77.805,192.075,214.89,50,341,-892,448
2025-09-01 23:47:47.749500,223.47,-358.995,19.5,406.77,119.73,18.72,135.525,132.21,50,341,-892,448
2025-09-01 23:47:47.778000,176.085,-407.16,13.26,362.31,99.84,31.200000000000003,133.965,173.94,51,342,-913,448
2025-09-01 23:47:47.791000,235.17,-321.75,82.485,433.29,189.345,101.79,175.5,207.285,49,341,-897,448
2025-09-01 23:47:47.804000,-95.94,-842.985,-176.28,101.79,-136.11,-137.085,-119.145,-3.12,48,330,-875,448
2025-09-01 23:47:47.817000,-75.66,-805.5450000000001,-130.455,143.13,-97.5,-90.285,-75.27,37.05,47,334,-880,384
2025-09-01 23:47:47.830000,-26.130000000000003,-728.52,-64.74000000000001,216.645,-22.035,-26.91,2.9250000000000003,85.8,52,331,-876,512
2025-09-01 23:47:47.843000,6.24,-682.3050000000001,-1.95,251.745,22.23,36.075,60.84,142.935,56,332,-878,384
2025-09-01 23:47:47.856000,26.91,-639.7950000000001,44.85,291.72,65.91,78.0,99.45,179.985,56,332,-878,384
2025-09-01 23:47:47.869000,40.365,-619.32,47.775,307.32,72.15,73.515,87.555,157.755,49,336,-887,448
2025-09-01 23:47:47.881000,-12.675,-697.515,-32.175000000000004,224.055,-11.31,-13.065,12.285,86.58,59,334,-885,512
2025-09-01 23:47:47.893000,154.44,-447.33,208.065,421.2,204.555,188.76,266.76,287.43,56,344,-888,512
2025-09-01 23:47:47.905000,39.975,-489.45,163.60500000000002,385.125,172.38,141.765,219.765,245.7,56,344,-888,512
2025-09-01 23:47:47.917000,195.39,-539.76,94.77,322.14,125.19,75.855,158.145,187.785,55,343,-888,448
2025-09-01 23:47:47.929000,-254.865,-619.32,28.275,259.545,-7.800000000000001,8.775,99.45,135.525,56,343,-887,448
2025-09-01 23:47:47.941000,-59.085,-630.4350000000001,-17.16,146.055,-8.58,-31.59,56.55,86.58,56,343,-887,448
2025-09-01 23:47:47.953000,218.205,-612.3000000000001,-28.08,229.32,54.405,-31.200000000000003,59.28,86.385,63,340,-905,512
2025-09-01 23:47:47.966143,201.24,-529.815,54.015,336.57,137.67000000000002,56.355,142.35,163.41,59,337,-891,448
2025-09-01 23:47:47.979286,508.365,-334.23,258.765,629.46,292.695,224.445,351.0,294.255,53,350,-883,448
2025-09-01 23:47:47.992429,500.175,-359.97,196.365,590.07,254.865,177.06,292.695,203.19,53,350,-883,448
2025-09-01 23:47:48.005571,459.615,-414.96,141.375,513.63,187.785,124.605,205.14,226.59,54,345,-884,448
2025-09-01 23:47:48.018714,437.97,-491.01,76.83,458.055,126.945,59.085,136.695,140.01,52,343,-887,448
2025-09-01 23:47:48.031857,249.99,-523.38,28.665000000000003,440.505,67.665,4.485,104.715,104.715,36,343,-887,448
2025-09-01 23:47:48.045000,212.16,-545.22,24.765,219.18,43.68,11.7,94.185,91.65,47,346,-884,448
2025-09-01 23:47:48.046000,323.89500000000004,-483.795,112.71,511.875,168.09,93.6,208.845,181.935,50,347,-902,448
2025-09-01 23:47:48.055667,69.81,-474.435,-127.14,179.01000000000002,-117.78,-116.415,-101.4,-74.685,46,347,-894,512
2025-09-01 23:47:48.065333,96.135,-437.58,-70.98,212.55,-85.995,-63.18,-51.675,-26.715,46,347,-894,512
2025-09-01 23:47:48.075000,152.685,-372.06,7.995,279.63,-25.545,7.800000000000001,27.885,33.93,49,347,-892,448
2025-09-01 23:47:48.084667,185.64,-305.76,61.425,323.31,41.145,69.61500000000001,78.0,85.995,47,352,-893,512
2025-09-01 23:47:48.094333,212.94,-265.98,108.03,362.115,89.895,114.855,127.53,127.725,48,348,-893,384
2025-09-01 23:47:48.104000,225.42,-252.525,115.44,372.06,98.865,109.59,124.41,120.9,48,348,-893,384
2025-09-01 23:47:48.117000,185.445,-327.015,35.1,303.615,27.105,33.345,46.995000000000005,49.725,52,344,-913,384
2025-09-01 23:47:48.130000,285.09000000000003,16.965,236.34,336.765,249.99,207.09,270.27,222.105,58,342,-881,384
2025-09-01 23:47:48.143000,254.085,-23.205,196.365,297.57,213.915,165.555,238.68,191.295,58,342,-881,384
2025-09-01 23:47:48.156000,175.89,-93.405,126.945,232.245,135.33,96.72,175.695,131.04,55,343,-895,384
2025-09-01 23:47:48.169000,149.37,-132.6,65.715,150.735,64.74000000000001,34.71,109.395,71.565,58,340,-889,448
2025-09-01 23:47:48.182000,125.19,-172.77,26.715,75.855,26.130000000000003,-3.315,69.22500000000001,40.17,58,341,-886,448
2025-09-01 23:47:48.195000,110.175,-188.565,30.615,99.255,26.52,8.97,84.045,52.260000000000005,58,341,-886,448
2025-09-01 23:47:48.203571,161.46,-92.43,120.315,213.525,134.35500000000002,102.375,175.305,131.43,56,342,-893,512
2025-09-01 23:47:48.212143,249.405,140.205,296.595,325.455,285.675,263.64,269.1,280.41,60,342,-883,512
2025-09-01 23:47:48.220714,234.585,102.57,244.92,287.235,247.65,214.305,273.78000000000003,210.99,60,342,-883,512
2025-09-01 23:47:48.229286,175.11,38.61,168.87,187.98,165.75,133.965,239.46,135.72,55,339,-881,512
2025-09-01 23:47:48.237857,152.88,-27.885,112.32,152.49,108.81,71.37,167.31,106.47,59,338,-882,512
2025-09-01 23:47:48.246429,59.28,-72.345,63.57,124.8,64.35000000000001,25.35,112.905,61.620000000000005,59,338,-882,512
2025-09-01 23:47:48.255000,68.25,-67.08,44.655,87.75,66.105,27.3,108.42,17.355,62,338,-882,512
2025-09-01 23:47:48.272429,207.675,3.315,117.975,192.66,146.64,93.405,166.53,70.2,62,336,-886,512
2025-09-01 23:47:48.289857,-143.715,-171.79500000000002,-127.725,-132.99,-169.65,-139.23000000000002,-125.775,-102.57,58,347,-886,448
2025-09-01 23:47:48.307286,-126.165,-129.09,-106.86,-86.19,-123.63,-112.32,-109.59,-88.92,58,347,-886,448
2025-09-01 23:47:48.324714,-85.605,-46.41,-51.48,-9.36,-46.02,-52.65,-56.16,-39.78,59,346,-881,448
2025-09-01 23:47:48.342143,-38.415,3.705,14.235,16.965,-15.99,17.55,2.9250000000000003,6.825,58,350,-886,448
2025-09-01 23:47:48.359571,-44.07,41.145,60.645,68.25,23.985,67.86,43.875,51.09,57,357,-887,448
2025-09-01 23:47:48.377000,-50.895,32.955,67.665,34.515,5.8500000000000005,65.13,39.39,46.605,56,353,-886,448
2025-09-01 23:47:48.377800,-97.305,-45.63,-15.015,-34.515,-74.49000000000001,-26.715,-49.53,-36.66,58,351,-889,448
2025-09-01 23:47:48.378600,-85.215,-57.72,-54.99,-95.94,-71.76,-66.105,-46.995000000000005,-63.18,60,359,-892,384
2025-09-01 23:47:48.379400,-51.675,-10.53,-9.165,-45.24,-17.94,-20.865,0.39,-17.55,60,359,-892,384
2025-09-01 23:47:48.380200,3.315,65.715,62.010000000000005,32.565,58.5,44.85,85.215,48.555,61,356,-884,448
2025-09-01 23:47:48.381000,49.14,138.84,133.38,96.33,122.655,111.15,147.81,114.855,62,359,-891,448
2025-09-01 23:47:48.421500,82.485,186.42,182.91,148.98000000000002,175.11,168.285,199.68,155.025,58,360,-891,448
2025-09-01 23:47:48.462000,92.625,204.555,185.055,140.985,177.06,153.85500000000002,186.615,142.935,57,357,-893,448
2025-09-01 23:47:48.462500,27.885,110.37,99.84,30.225,65.715,68.25,107.25,64.35000000000001,58,359,-893,448
2025-09-01 23:47:48.463000,85.995,317.265,239.655,148.785,208.455,198.315,257.595,184.275,60,348,-876,384
2025-09-01 23:47:48.475200,176.475,291.33,196.95,93.6,194.415,166.53,249.405,150.345,60,348,-876,448
2025-09-01 23:47:48.487400,113.1,229.515,135.72,52.845,147.225,98.865,170.04,107.64,55,349,-864,448
2025-09-01 23:47:48.499600,62.400000000000006,169.065,88.72500000000001,-13.065,78.39,41.535,118.755,60.645,60,356,-875,384
2025-09-01 23:47:48.511800,21.45,121.875,41.73,-71.37,27.105,-6.4350000000000005,70.005,18.135,60,347,-886,384
2025-09-01 23:47:48.524000,20.085,124.8,47.97,-53.625,46.995000000000005,11.31,92.82,39.78,56,346,-890,512
2025-09-01 23:47:48.525000,81.12,214.5,138.45000000000002,31.395,139.425,113.1,182.91,121.485,57,345,-883,448
2025-09-01 23:47:48.540000,-192.855,17.745,-113.1,-235.755,-152.49,-121.68,-117.78,-106.08,61,335,-878,384
2025-09-01 23:47:48.555000,-173.94,55.185,-72.735,-219.18,-111.54,-78.19500000000001,-87.555,-80.535,63,340,-882,448
2025-09-01 23:47:48.570000,-143.13,128.70000000000002,-35.88,-178.035,-66.69,-36.855,-61.620000000000005,-65.13,63,340,-882,448
2025-09-01 23:47:48.585000,-176.28,175.11,46.995000000000005,-110.76,-7.995,33.15,33.345,17.745,64,347,-881,448
2025-09-01 23:47:48.600000,-71.76,224.25,105.105,-23.205,51.870000000000005,96.135,85.02,76.83,61,345,-881,512
2025-09-01 23:47:48.615000,-65.325,213.915,89.895,-109.785,20.475,61.620000000000005,46.8,36.66,66,346,-881,448
2025-09-01 23:47:48.623571,-132.405,131.235,-13.845,-145.47,-72.15,-40.56,-58.11,-59.475,65,349,-881,384
2025-09-01 23:47:48.632143,39.975,386.1,155.61,-56.55,118.95,124.605,135.915,84.63000000000001,59,352,-894,384
2025-09-01 23:47:48.640714,8.385,342.42,108.225,-109.785,69.22500000000001,85.8,89.895,42.9,65,353,-892,448
2025-09-01 23:47:48.649286,-38.415,273.195,48.75,-177.45000000000002,-0.39,26.52,27.885,-2.145,65,353,-892,448
2025-09-01 23:47:48.657857,-78.78,222.495,-20.865,-231.855,-44.07,-48.36,-38.805,-65.715,61,360,-892,448
2025-09-01 23:47:48.666429,-105.495,179.4,-66.495,-276.12,-86.97,-92.04,-75.66,-101.79,64,356,-883,448
2025-09-01 23:47:48.675000,-102.375,195.39,-44.85,-255.645,-58.89,-60.45,-39.0,-64.545,67,357,-885,448
2025-09-01 23:47:48.688000,-45.825,277.485,54.21,-192.465,25.74,34.125,59.475,5.8500000000000005,67,357,-887,512
2025-09-01 23:47:48.701000,97.5,510.9,188.565,-28.86,187.2,172.185,116.025,139.23000000000002,55,351,-887,384
2025-09-01 23:47:48.714000,83.07000000000001,463.125,138.84,-62.985,152.49,119.925,108.225,92.43,57,355,-889,448
2025-09-01 23:47:48.727000,16.38,398.58,81.9,-103.74,92.43,58.305,93.795,30.225,57,355,-889,448
2025-09-01 23:47:48.740000,-22.035,350.805,25.74,-170.43,32.76,4.29,31.200000000000003,-7.41,55,348,-875,448
2025-09-01 23:47:48.753000,-53.04,300.885,-21.45,-209.82,-13.455,-45.825,-17.355,-46.215,55,348,-882,448
2025-09-01 23:47:48.766000,-46.995000000000005,308.49,-10.92,-194.415,8.385,-19.89,4.875,-22.815,53,345,-882,448
2025-09-01 23:47:48.775000,5.265000000000001,390.585,96.135,-104.52,95.55,79.56,107.64,75.27,54,348,-883,448
2025-09-01 23:47:48.784000,-153.85500000000002,181.35,-39.975,-273.0,-88.14,-43.095,-8.775,-1.755,55,340,-877,448
2025-09-01 23:47:48.793000,-134.94,229.515,-23.205,-185.055,-31.59,-35.88,-11.115,-20.28,62,346,-883,384
2025-09-01 23:47:48.802000,-117.975,293.28000000000003,18.525,-102.18,31.005000000000003,23.01,10.725,15.6,57,345,-885,512
2025-09-01 23:47:48.811000,22.035,336.96000000000004,26.130000000000003,7.995,92.235,33.93,17.94,4.875,58,347,-882,512
2025-09-01 23:47:48.820000,113.1,395.85,100.815,98.67,152.29500000000002,107.445,132.405,119.34,58,347,-882,512
2025-09-01 23:47:48.829000,45.045,381.81,104.325,11.115,117.78,77.805,116.805,90.285,55,349,-882,512
2025-09-01 23:47:48.845571,-134.35500000000002,240.24,-5.46,-190.905,-39.39,-15.6,-3.12,10.335,55,346,-882,448
2025-09-01 23:47:48.862143,-360.75,57.915,-145.275,-446.355,-211.575,-142.155,-180.375,-189.93,52,347,-894,448
2025-09-01 23:47:48.878714,-317.85,105.105,-100.035,-404.82,-163.215,-85.8,-136.695,-141.57,49,351,-891,448
2025-09-01 23:47:48.895286,-252.33,181.35,-27.885,-337.545,-90.285,-24.18,-79.56,-78.97500000000001,53,348,-893,448
2025-09-01 23:47:48.911857,-215.475,242.775,17.745,-266.175,-17.55,19.695,-30.225,-42.51,54,347,-893,512
2025-09-01 23:47:48.928429,-182.715,289.575,63.765,-217.815,30.615,61.620000000000005,17.355,-8.58,54,347,-893,512
2025-09-01 23:47:48.945000,-186.03,281.385,57.525,-237.9,8.775,42.9,-5.46,-30.42,50,349,-887,512
2025-09-01 23:47:48.958000,-232.635,194.61,-28.08,-320.97,-80.145,-43.095,-80.535,-98.475,50,346,-886,448
2025-09-01 23:47:48.971000,-21.06,376.74,134.35500000000002,-85.02,131.04,117.195,113.295,84.045,50,348,-896,448
2025-09-01 23:47:48.984000,-48.555,330.135,89.895,-124.8,79.75500000000001,70.395,70.2,37.635,55,357,-895,384
2025-09-01 23:47:48.997000,-91.26,268.125,29.25,-187.59,24.765,7.995,14.625,-5.655,54,355,-894,448
2025-09-01 23:47:49.010000,-129.87,220.935,-30.615,-228.735,-25.35,-48.36,-39.585,-56.745000000000005,56,354,-893,448
2025-09-01 23:47:49.023000,-152.49,177.255,-74.685,-258.96000000000004,-67.275,-87.165,-79.56,-95.94,56,354,-893,448
2025-09-01 23:47:49.036000,-131.82,193.635,-48.555,-231.465,-35.49,-50.895,-38.22,-56.55,57,351,-887,448
2025-09-01 23:47:49.036200,-63.765,284.115,44.46,-143.91,62.79,50.115,54.015,28.08,54,349,-889,512
2025-09-01 23:47:49.036400,-13.065,382.98,192.855,-22.035,188.37,166.14,231.465,137.28,48,346,-879,448
2025-09-01 23:47:49.036600,-39.975,344.76,134.55,-48.945,136.305,117.0,163.215,32.175000000000004,53,350,-887,448
2025-09-01 23:47:49.036800,-17.745,294.06,76.635,-123.045,82.095,55.38,87.36,70.005,56,347,-879,448
2025-09-01 23:47:49.037000,-43.29,245.895,18.72,-137.085,39.0,-5.8500000000000005,20.085,-35.1,55,346,-882,384
2025-09-01 23:47:49.082500,-50.7,208.65,-30.03,-173.35500000000002,-3.12,-44.46,-25.935,-44.07,55,346,-882,384
2025-09-01 23:47:49.128000,-39.585,230.1,1.755,-135.525,37.635,-9.165,12.87,-2.145,62,349,-892,512
2025-09-01 23:47:49.140429,42.9,302.445,88.92,-66.3,109.395,77.22,107.445,57.72,59,345,-889,448
2025-09-01 23:47:49.152857,-320.77500000000003,50.31,-162.04500000000002,-359.385,-213.525,-160.68,-214.11,-177.645,62,348,-892,384
2025-09-01 23:47:49.165286,-310.635,94.185,-117.195,-329.94,-173.35500000000002,-114.27,-170.625,-140.4,57,345,-882,384
2025-09-01 23:47:49.177714,-267.93,143.52,-50.7,-268.125,-116.61,-50.895,-104.91,-85.02,57,346,-880,512
2025-09-01 23:47:49.190143,-232.44,203.19,7.800000000000001,-212.16,-54.21,2.145,-43.095,-33.735,58,345,-881,384
2025-09-01 23:47:49.202571,-202.605,242.97,46.995000000000005,-168.48000000000002,-17.94,44.85,-14.04,-10.14,58,345,-881,384
2025-09-01 23:47:49.215000,-203.97,233.805,12.675,-186.03,-35.685,5.265000000000001,-60.645,-59.475,57,347,-879,448
2025-09-01 23:47:49.223571,-254.67,139.62,-80.34,-286.065,-134.35500000000002,-93.795,-157.17000000000002,-133.57500000000002,61,356,-883,448
2025-09-01 23:47:49.232143,-88.72500000000001,246.09,108.615,-97.695,59.085,96.915,80.925,46.605,59,354,-883,384
2025-09-01 23:47:49.240714,-110.37,205.335,63.765,-145.47,25.74,42.51,30.81,-2.73,59,354,-883,384
2025-09-01 23:47:49.249286,-143.91,140.79,0.975,-183.105,-37.05,-21.255,-30.81,-49.335,57,354,-887,448
2025-09-01 23:47:49.257857,-183.3,86.775,-55.77,-250.77,-97.5,-84.045,-76.245,-104.13,56,353,-884,512
2025-09-01 23:47:49.266429,-215.085,45.63,-97.11,-289.77,-136.695,-117.39,-116.805,-140.205,54,353,-884,448
2025-09-01 23:47:49.275000,-198.705,68.64,-67.275,-252.135,-98.865,-78.97500000000001,-81.315,-99.06,54,355,-883,448
2025-09-01 23:47:49.288000,-134.55,158.34,27.885,-164.19,-3.12,18.33,19.695,-15.405,53,355,-886,448
2025-09-01 23:47:49.301000,-151.905,91.065,-38.415,-161.265,-26.715,-36.855,-25.155,-68.64,52,348,-877,448
2025-09-01 23:47:49.314000,-102.57,128.505,11.505,-84.24000000000001,35.295,18.525,34.32,-19.695,52,348,-877,448
2025-09-01 23:47:49.327000,-10.92,194.22,74.88,-0.975,103.935,84.045,74.88,32.175000000000004,49,348,-881,448
2025-09-01 23:47:49.340000,-7.41,265.005,131.43,51.09,174.72,133.965,131.625,97.11,52,355,-881,448
2025-09-01 23:47:49.353000,11.115,277.875,166.53,19.5,173.94,155.61,150.735,64.74000000000001,49,353,-881,448
2025-09-01 23:47:49.366000,-193.635,212.94,66.105,-60.255,84.435,59.085,20.865,-79.75500000000001,49,353,-881,448
2025-09-01 23:47:49.378429,-368.16,66.495,-1.17,-257.01,-37.44,-4.29,-23.4,-95.16,50,356,-886,448
2025-09-01 23:47:49.390857,-261.105,-30.225,-151.32,-248.82,-168.87,-140.595,-187.98,-158.925,52,356,-884,512
2025-09-01 23:47:49.403286,-234.195,12.675,-92.235,-206.31,-126.36,-81.12,-119.535,-100.23,52,356,-884,512
2025-09-01 23:47:49.415714,-202.215,65.52,-37.245000000000005,-151.515,-67.275,-29.25,-82.095,-64.935,45,354,-879,448
2025-09-01 23:47:49.428143,-187.2,112.125,-9.945,-107.835,-16.965,7.995,-76.44,-51.48,49,358,-888,384
2025-09-01 23:47:49.440571,-145.47,153.07500000000002,28.47,-69.81,25.35,40.755,-7.800000000000001,-15.795,51,359,-890,448
2025-09-01 23:47:49.453000,-184.47,108.42,22.23,-147.03,-34.71,21.645,-4.095,-12.285,51,359,-890,448
2025-09-01 23:47:49.466000,-233.61,33.54,-66.69,-228.54,-117.195,-70.59,-116.805,-98.28,56,358,-888,512
2025-09-01 23:47:49.479000,-13.455,232.44,107.25,-40.17,89.11500000000001,90.09,85.215,57.135000000000005,57,352,-892,448
2025-09-01 23:47:49.492000,-68.055,182.715,57.135000000000005,-70.98,33.93,41.145,34.515,13.26,57,352,-892,448
2025-09-01 23:47:49.505000,-103.935,123.63,-4.68,-140.01,-21.45,-12.285,-22.23,-42.51,57,353,-902,512
2025-09-01 23:47:49.518000,-125.775,74.295,-67.665,-190.125,-81.12,-79.17,-88.92,-94.185,58,351,-893,384
2025-09-01 23:47:49.531000,-157.755,38.22,-103.74,-227.175,-122.265,-112.125,-116.61,-108.42,58,350,-888,448
2025-09-01 23:47:49.544000,-142.54500000000002,78.0,-63.96,-189.345,-59.475,-67.08,-67.275,-77.22,59,354,-882,448
2025-09-01 23:47:49.552571,-60.06,170.04,20.865,-96.72,34.32,27.885,24.18,-7.800000000000001,59,351,-879,512
2025-09-01 23:47:49.561143,-18.33,152.88,-1.365,-15.405,40.365,-12.09,6.045,-32.955,60,342,-881,448
2025-09-01 23:47:49.569714,-5.655,203.97,44.46,15.015,59.67,34.32,59.67,17.16,60,342,-881,448
2025-09-01 23:47:49.578286,70.2,263.64,119.535,71.76,149.76,112.125,154.63500000000002,123.825,64,342,-875,448
2025-09-01 23:47:49.586857,117.975,312.975,197.925,186.225,199.485,187.785,245.895,141.18,62,347,-878,448
2025-09-01 23:47:49.595429,136.305,348.46500000000003,217.815,227.37,235.95,220.74,234.39,165.165,58,348,-882,384
2025-09-01 23:47:49.604000,137.865,310.05,182.52,164.97,197.34,173.16,172.77,141.375,56,347,-884,384
2025-09-01 23:47:49.616857,118.17,233.61,85.8,108.615,125.97,72.345,76.44,27.495,60,350,-884,448
2025-09-01 23:47:49.629714,62.205000000000005,133.77,4.095,97.305,23.4,4.095,13.26,-0.585,61,353,-889,448
2025-09-01 23:47:49.642571,-33.93,187.2,63.375,85.41,66.105,64.155,78.0,59.28,61,353,-889,448
2025-09-01 23:47:49.655429,163.41,242.775,132.21,92.82,137.28,125.97,157.755,111.93,62,354,-899,384
2025-09-01 23:47:49.668286,174.72,298.935,182.715,243.945,200.265,183.105,161.655,162.82500000000002,56,357,-887,384
2025-09-01 23:47:49.681143,180.375,328.575,210.795,255.255,227.565,208.65,157.365,190.515,58,352,-889,448
2025-09-01 23:47:49.694000,118.95,284.895,180.96,152.1,169.845,162.82500000000002,219.18,128.70000000000002,57,351,-886,384
2025-09-01 23:47:49.702857,84.24000000000001,197.34,87.75,120.51,96.72,73.515,119.925,66.105,58,353,-887,448
2025-09-01 23:47:49.711714,27.3,179.4,73.905,207.09,69.61500000000001,60.255,99.255,105.495,57,353,-879,512
2025-09-01 23:47:49.720571,35.295,133.185,21.45,95.355,29.25,8.385,53.235,30.42,57,355,-895,384
2025-09-01 23:47:49.729429,-38.025,30.615,-38.805,-28.665000000000003,-70.005,-41.145,-34.515,8.58,57,355,-886,384
2025-09-01 23:47:49.738286,38.805,16.575,-102.765,24.375,-84.045,-110.175,-103.74,-57.525,57,358,-876,512
2025-09-01 23:47:49.747143,-92.43,-44.07,-114.075,-33.54,-145.665,-130.455,-80.535,-46.02,55,354,-881,384
2025-09-01 23:47:49.756000,-76.44,-25.155,-173.745,-84.435,-122.07,-184.47,-140.985,-152.685,60,353,-885,512
2025-09-01 23:47:49.756250,66.495,67.275,-15.795,48.75,-9.945,-13.65,34.515,43.29,61,352,-886,448
2025-09-01 23:47:49.756500,-95.55,42.705,-66.105,-58.5,-93.21,-51.870000000000005,-70.785,-20.475,61,353,-882,448
2025-09-01 23:47:49.756750,-119.535,0.0,-121.095,-124.605,-137.085,-111.54,-120.51,-79.56,60,353,-884,384
2025-09-01 23:47:49.757000,-200.655,-48.165,-154.63500000000002,-168.09,-185.64,-136.695,-134.94,-93.6,60,353,-884,384
2025-09-01 23:47:49.786333,-270.855,-110.76,-218.985,-233.805,-262.27500000000003,-203.775,-218.01,-145.275,64,345,-874,512
2025-09-01 23:47:49.815667,-249.21,-135.33,-257.985,-264.615,-289.77,-234.39,-243.945,-166.335,62,353,-892,320
2025-09-01 23:47:49.845000,-152.29500000000002,-78.97500000000001,-193.44,-176.67000000000002,-206.895,-163.995,-173.55,-113.685,62,353,-886,384
2025-09-01 23:47:49.853571,-120.12,13.065,-110.175,-116.22,-118.17,-79.56,-97.695,-43.485,62,349,-885,512
2025-09-01 23:47:49.862143,-91.65,42.315000000000005,-60.645,-100.815,-70.59,-31.005000000000003,-26.52,-37.635,58,350,-886,448
2025-09-01 23:47:49.870714,-49.335,90.87,-10.335,-46.02,-15.99,18.72,20.28,12.48,57,351,-888,448
2025-09-01 23:47:49.879286,-3.705,148.005,44.46,11.115,39.585,76.05,82.29,62.010000000000005,57,351,-888,448
2025-09-01 23:47:49.887857,39.78,213.915,113.88,73.71000000000001,114.465,141.765,144.10500000000002,121.485,47,351,-893,512
2025-09-01 23:47:49.896429,59.28,253.695,144.69,104.715,140.79,167.115,168.675,139.035,50,346,-875,384
2025-09-01 23:47:49.905000,44.07,213.915,104.13,55.38,91.26,121.485,115.245,87.555,54,353,-881,448
2025-09-01 23:47:49.918000,-10.725,118.17,7.0200000000000005,-47.58,-16.38,19.305,22.425,9.75,55,355,-882,448
2025-09-01 23:47:49.931000,130.65,248.625,128.895,98.865,159.12,142.35,162.24,102.765,59,352,-888,512
2025-09-01 23:47:49.944000,99.45,197.535,85.8,55.38,104.325,97.11,116.805,65.13,51,352,-886,448
2025-09-01 23:47:49.957000,20.865,146.055,28.47,26.715,50.31,42.315000000000005,59.475,16.185000000000002,51,352,-886,512
2025-09-01 23:47:49.970000,7.0200000000000005,92.04,-37.245000000000005,-54.795,-8.97,-28.275,-7.800000000000001,-44.655,55,352,-881,384
2025-09-01 23:47:49.983000,-15.21,61.620000000000005,-67.08,-85.995,-32.370000000000005,-43.68,-22.425,-57.135000000000005,55,352,-881,384
2025-09-01 23:47:49.996000,22.815,102.375,-7.41,-29.835,22.62,12.48,28.08,-5.8500000000000005,57,350,-884,448
2025-09-01 23:47:50.009000,93.6,210.21,83.655,58.5,116.415,104.52,125.385,73.905,58,347,-885,448
2025-09-01 23:47:50.022000,58.5,137.865,64.545,15.6,57.915,69.42,102.18,47.190000000000005,57,353,-885,448
2025-09-01 23:47:50.035000,115.05,184.86,104.91,77.805,102.96,117.78,146.25,84.63000000000001,55,347,-877,448
2025-09-01 23:47:50.048000,107.835,206.7,145.08,115.245,134.94,157.17000000000002,170.235,122.07,58,347,-883,448
2025-09-01 23:47:50.061000,61.425,275.925,205.725,86.385,189.15,203.58,275.535,164.19,59,349,-881,448
2025-09-01 23:47:50.074000,165.945,320.385,243.75,157.56,222.69,248.82,318.435,137.865,59,349,-881,448
2025-09-01 23:47:50.087000,148.005,281.58,216.255,167.70000000000002,198.9,212.745,235.95,189.54,56,351,-883,448
2025-09-01 23:47:50.100143,111.54,193.83,122.85,72.345,111.345,109.395,140.205,96.135,52,353,-883,448
2025-09-01 23:47:50.113286,99.45,70.785,-51.285,95.16,14.625,-34.515,-37.83,-51.870000000000005,61,353,-877,448
2025-09-01 23:47:50.126429,192.27,121.485,28.665000000000003,175.89,73.905,43.095,63.57,39.585,61,349,-871,448
2025-09-01 23:47:50.139571,174.72,157.365,58.11,156.39,80.73,76.83,99.255,44.07,59,348,-875,448
2025-09-01 23:47:50.152714,66.69,176.865,77.805,108.03,98.475,99.06,90.87,77.61,58,350,-874,448
2025-09-01 23:47:50.165857,16.38,190.125,113.1,87.555,76.245,117.975,140.79,102.96,58,350,-874,448
2025-09-01 23:47:50.179000,-48.36,135.72,91.845,29.055,25.35,88.53,117.585,92.625,65,348,-880,448
2025-09-01 23:47:50.191429,16.77,65.91,-9.75,30.81,-35.88,-19.695,11.895,-13.26,62,351,-883,448
2025-09-01 23:47:50.203857,-66.69,57.525,-50.7,-73.32000000000001,-61.815000000000005,-33.15,-70.59,-66.69,59,358,-884,320
2025-09-01 23:47:50.216286,-98.865,6.24,-95.355,-120.9,-106.275,-77.415,-120.705,-110.955,59,355,-891,448
2025-09-01 23:47:50.228714,-144.885,-37.635,-154.44,-173.16,-149.175,-127.14,-181.35,-157.95000000000002,58,355,-888,448
2025-09-01 23:47:50.241143,-180.96,-98.28,-217.425,-228.54,-209.625,-197.535,-236.535,-208.845,57,356,-891,512
2025-09-01 23:47:50.253571,-197.535,-128.31,-232.44,-253.11,-232.245,-203.385,-239.655,-207.09,57,356,-891,512
2025-09-01 23:47:50.266000,-156.585,-78.78,-178.035,-205.725,-177.84,-145.86,-172.77,-159.315,62,350,-897,448
2025-09-01 23:47:50.274714,-106.275,18.72,-69.81,-88.33500000000001,-68.44500000000001,-42.51,-76.245,-57.525,59,354,-890,448
2025-09-01 23:47:50.283429,79.36500000000001,189.54,34.515,1.17,62.010000000000005,52.455,25.935,6.825,57,347,-887,448
2025-09-01 23:47:50.292143,10.14,145.08,-22.035,-31.59,22.62,-10.53,-39.195,-42.51,53,352,-886,448
2025-09-01 23:47:50.300857,-48.945,82.485,-72.345,-111.54,-50.115,-58.695,-79.17,-93.99,52,348,-889,512
2025-09-01 23:47:50.309571,-69.03,28.08,-135.525,-216.06,-107.64,-131.82,-151.32,-160.095,55,346,-884,384
2025-09-01 23:47:50.318286,-67.86,-0.78,-151.515,-186.03,-113.685,-139.815,-150.93,-154.83,55,346,-884,384
2025-09-01 23:47:50.327000,-19.11,59.67,-91.65,-85.215,-65.715,-72.54,-78.39,-93.99,45,346,-886,384
2025-09-01 23:47:50.327800,44.85,155.61,-9.165,-96.525,41.34,8.775,-0.39,-24.96,49,348,-884,512
2025-09-01 23:47:50.328600,-92.43,110.565,-66.69,-83.85000000000001,13.26,-41.34,-51.675,-121.095,55,359,-894,448
2025-09-01 23:47:50.329400,84.63000000000001,161.07,-19.695,-59.67,55.77,6.045,-36.66,-58.11,55,354,-891,448
2025-09-01 23:47:50.330200,129.675,207.09,29.445,54.405,110.76,64.74000000000001,-11.7,-0.78,56,354,-888,384
2025-09-01 23:47:50.331000,211.575,278.85,129.285,163.02,206.505,158.145,138.255,91.065,56,354,-891,448
2025-09-01 23:47:50.332000,233.22,298.15500000000003,152.49,191.295,217.425,161.07,154.245,100.815,56,354,-891,448
